"PARTY_NAME, GLN, GRID_AREA_ID"
"Vestmar Nett AS","7080005054928","50Y-7FS806KF24QR","KRAGERØ1"
"VENI Metering AS","7080005050616","50Y0B-1DGY7ZN8KB","SN01HAFSL1"
"VENI Metering AS","7080005050616","50Y2CKL12AOFY8UC","SN01BKKN1"
"VENI Metering AS","7080005050616","50YJBNWHHDDU09RN","SN01NORDKR1"
"VENI Metering AS","7080005050616","50YYBZ50GER7MFB3","SN01SVORKA1"
"VENI Metering AS","7080005050616","50Y8JOVMBCCBF-3D","SN01FREDR1"
"VENI Metering AS","7080005050616","50YDGY7ZN8KJ5S4E","SN01NØSTERD1"
"VENI Metering AS","7080005050616","50YBV43ADGGV51N5","SN01ØEIKER1"
"VENI Metering AS","7080005050616","50YBZ8NN9GK6G5JE","SN01AEN2DN"
"VENI Metering AS","7080005050616","50YTQ-CIPRZACVXX","SN01ISTAD1"
"VENI Metering AS","7080005050616","50YPCGLIAF00FNY6","SN01VOKKS1"
"VENI Metering AS","7080005050616","50YQ9HSIFAQO5T0G","SN01RINGER1"
"VENI Metering AS","7080005050616","50YT11FBEDS3ZLCW","SN01SKAGN3"
"VENI Metering AS","7080005050616","50YXEQP0461ERLEY","SN01ALTA1"
"VENI Metering AS","7080005050616","50YEECXSTRWJCJ7W","SN01HELGEL1"
"VENI Metering AS","7080005050616","50YUCXAQADFOGTFJ","SN01VOSS1"
"VENI Metering AS","7080005050616","50YMBCCBF-39T116","SN01FON1"
"VENI Metering AS","7080005050616","50YC0BAILNG1D6V8","SN01NTE2"
"VENI Metering AS","7080005050616","50Y6P0-BFAAP1WIK","SN01HALOG1"
"VENI Metering AS","7080005050616","50YQ18WVKFWDHUDW","SN01NEAS1"
"VENI Metering AS","7080005050616","50YGK4WUP21CWEDW","SN01NTE1"
"VENI Metering AS","7080005050616","50YF3EDLOQJ2G9Y7","SN01SFE1"
"VENI Metering AS","7080005050616","50Y5S4VYBZ50GER6","SN01LOFOT1"
"VENI Metering AS","7080005050616","50YMFBM0BNCK20HO","SN01NLANDSN1"
"VENI Metering AS","7080005050616","50YGFMDGGVA1-KG3","SN01GLITRED1"
"VENI Metering AS","7080005050616","50YBEDS3ZLCEPCGI","SN01TEN1"
"VENI Metering AS","7080005050616","50YZEW0ACV3VJ4HS","SN01HALL1"
"VENI Metering AS","7080005050616","50Y0461ERLE00B-B","SN01MØRE1"
"VENI Metering AS","7080005050616","50YJMZFAIRM9GXBI","SN01SUNNFJD1"
"VENI Metering AS","7080005050616","50YGEZ4537XRXEQ1","SN01EIDSIVAD"
"VENI Metering AS","7080005050616","50YL16-IEEDHBAGG","SN01ORKDAL1"
"VENI Metering AS","7080005050616","50YAPSUN6PD1YO3A","SN01LYSEN1"
"VENI Metering AS","7080005050616","50Y0BNCK20HI8JO5","SN01KLEPP1"
"VENI Metering AS","7080005050616","50YFBNEDIRCC8YCJ","SN01TKN1"
"Yara Norge AS, Yara Glomfjord","7080005053259","50YBDMJ0PZ1-8GH3","YARA1"
"Ulefos Kraftverk DA","7080003380630","50YJH0AW0Y58EXYZ","ULEFO1"
"Norske Skog Skogn AS Nett","7080003823038","50YAJDAXAKFVSAM4","NSSKOGN1"
"Nettselskapet AS","7080004064553","50Y4FKRH6EFDBV0I","ORKDAL1"
"Nettselskapet AS","7080004064553","50YC9N3IBEIX7JFB","FOSEN1"
"Nettselskapet AS","7080004064553","50YTK9AAGD717R0D","SODVIN1"
"Lysna AS","7080010013088","50YRGBS98QGPCG02","FUSA1"
"Klive AS","7080010000132","50YT4QWAA7SOPNSC","NØSTERD2"
"Klive AS","7080010000132","50YWCGS0AMA5M326","NØSTERD1"
"DE Nett AS","7080010003614","50Y30AIV109NI571","DRANGE1"
"SuNett AS","7080010003218","50YO-DD05AYDXGP1","SUNNDAL1"
"Aneo AS - Nett","7080004295377","50Y8S01EACCR2YKC","TEK2"
"Aneo AS - Nett","7080004295377","50YAV0X47DWY3C73","TEK3"
"Aneo AS - Nett","7080004295377","50YB8JB9FOGF4VGI","TEK1"
"Aneo AS - Nett","7080004295377","50YZEBJG0675ANTE","SNCITYX"
"Straumnett AS","7080004053632","50Y125-DQJCZ0AZ0","ÅRDAL2"
"Straumnett AS","7080004053632","50YFTXZSBHB4RT8M","ÅRDAL1"
"Nordkraft Magasin AS","7080005050838","50Y3NYY9CF7M-TFE","NKMAG1"
"Linja AS","7080001319830","50YSGLKY01XGMG88","MØRE2"
"Linja AS","7080001319830","50YVRHZRIV1POD8W","STRYN1"
"Linja AS","7080001319830","50YX63R0GG18C0GD","MØRE1"
"Linja AS","7080001319830","50YP-ZBEG9O0VH8J","SFE2"
"Linja AS","7080001319830","50Y4F26BF0CRRCDE","SFE1"
"Linja AS","7080001319830","50Y7Q1NT7E5QLMKX","SFE3"
"Linja AS","7080001319830","50YSPZBCOPYG1IWV","STRANDA1"
"Midtnett AS","7080003869012","50YJ2G9YIK1HMY4Q","FLESB1"
"Midtnett AS","7080003869012","50YTYV25BUV195OX","MNBUS1"
"Griug AS","7080005052900","50Y6GCP57FHC1DN0","VALDRES1"
"BKK AS","7080005051378","50YCO7C9CFS8ABKD","TYSNES1"
"BKK AS","7080005051378","50YEIXYEFG0K7E4R","ETNE1"
"BKK AS","7080005051378","50YGQFT6A640FCPA","BKKNH1"
"BKK AS","7080005051378","50YK05ZHDDCGA4AK","SUNNFJD1"
"BKK AS","7080005051378","50YK95649Y18F01O","BKKN1"
"BKK AS","7080005051378","50YOGS0MLA5M3EKY","SUNNFJD2"
"BKK AS","7080005051378","50YSZ-6KF24QV9GW","KVINN1"
"BKK AS","7080005051378","50YWZ1VEKD6TVBTU","BKKN2"
"Elvenett AS","7080005052917","50YP65NDMGD-DNIE","ØEIKER1"
"Statnett SF","7080000923168","50Y003TZ2AXX811M","SN12"
"Statnett SF","7080000923168","50Y7DNUK95649Y1B","SN15"
"Statnett SF","7080000923168","50Y7E5QLMKPCCC0W","SN9"
"Statnett SF","7080000923168","50Y8S10EBDDS2ZLH","SN20"
"Statnett SF","7080000923168","50YCA2FH88--EMXQ","SN5"
"Statnett SF","7080000923168","50YCCC0GAILNG1IK","SN3"
"Statnett SF","7080000923168","50YD8FIKDZF3SOEN","SN8"
"Statnett SF","7080000923168","50YF01E570F2MKBM","SN19"
"Statnett SF","7080000923168","50YGEAL-AABJ1ZG7","SN11"
"Statnett SF","7080000923168","50YGZGE5YD5-9B3R","SN17"
"Statnett SF","7080000923168","50YB1BAHKNG1C6UW","SN21"
"Statnett SF","7080000923168","50YLMKPCCC0GAIL5","SN2"
"Statnett SF","7080000923168","50YPXYW0BHOBGFU7","SN6"
"Statnett SF","7080000923168","50YQ4B2NIJIMG9GG","SN14"
"Statnett SF","7080000923168","50YQ6Y3HC11N26EC","SN18"
"Statnett SF","7080000923168","50YUUFGRDNCQ3E34","SN4"
"Statnett SF","7080000923168","50YX5DEXY3H7Q1NC","SN16"
"Statnett SF","7080000923168","50YXAKFVSAM50X4J","SN13"
"Statnett SF","7080000923168","50YXY3H7Q1NT7E5K","SN1"
"Straumen Nett AS","7080010003720","50YDA404O9ZAEG9T","SYKKYLV1"
"Indre Hordaland Kraftnett AS","7080010008367","50Y09NI57T7CCAVM","HARD1"
"Jæren Everk AS","7080010002419","50YCPAKPMW8ELMVH","JÆREN1"
"MELLOM AS","7080010004369","50Y98QGPCG0GQL0T","NEAS1"
"Noranett Andøy AS","7080010002433","50YXAX41F0D6GEAG","ANDØY1"
"FELLESKJØPET NETT VAKSDAL","7080004318335","50Y57T7CCAV0013S","SMKN1"
"Sygnir AS","7080010009654","50Y-AABJ1ZGH7DNR","AURL1"
"Sygnir AS","7080010009654","50Y18C0G-CR1SPKW","SOGNE1"
"Sygnir AS","7080010009654","50YBQDXVFCNFEJSJ","VADHEIM1"
"Sygnir AS","7080010009654","50YXJGCOFEJSDD9P","LÆRDAL1"
"Breheim Nett","7080010010919","50YD717RC1DGCBRP","LUSTER1"
"Kystnett AS","7080010000064","50YE3BCAFSY2MXW1","NSALTEN1"
"Kystnett AS","7080010000064","50YFU4BCDYUAB17T","NSALTEN2"
"Etna Nett AS","7080005046404","50Y1DN1BD4PXYW-C","VOKKS1"
"Tensio OEV AS","7080005052832","50Y0X4DQ6Y3HC11B","OPPDAL1"
"Bindal Kraftlag SA","7080005055963","50YEW05YGOPNS9FC","BINDAL1"
"Vest-Telemark Kraftlag AS Nett","7080005051927","50YABKF2GP4EG7SW","VTELE1"
"Vest-Telemark Kraftlag AS Nett","7080005051927","50YO07IUJEVCBSCT","VTELE2"
"FITJAR KRAFTLAG SA Nett","7080005051477","50Y2A58OEBDMK1DF","FITJAR1"
"Glitre Nett AS (tidl. Glitre Energi Nett - Reg.n.)","7080005053273","50Y13TNTALLZ12XG","GLITRE R4"
"Glitre Nett AS (tidl. Glitre Energi Nett - Reg.n.)","7080005053273","50Y5AYDXGP9PZT7T","GLITRE R3"
"Glitre Nett AS (tidl. Glitre Energi Nett - Reg.n.)","7080005053273","50YHDDCGA4AUF2GK","GLITRE R2"
"Glitre Nett AS (tidl. Glitre Energi Nett - Reg.n.)","7080005053273","50YYCCAVRRQUHNTV","GLITRE R1"
"Glitre Nett AS (tidl. AEN)","7080005056069","50Y5D--B24-C1JHP","AEN2 DN"
"Glitre Nett AS (tidl. AEN)","7080005056069","50YC9X6LL6EI4E37","AEN4 BROK"
"Glitre Nett AS (tidl. AEN)","7080005056069","50YCOAEJS8D8ZDX8","AEN3 DN"
"Glitre Nett AS (tidl. AEN)","7080005056069","50YH5AGNQTL5BB-A","AEN1 RN"
"Glitre Nett AS (tidl. AEN)","7080005056069","50YL0IMY4GSHCT96","AEN5 RN"
"Gassco AS","7080003807724","50YGYIXLO8PZT64N","GASSCO1"
"Statkraft Energi AS Nett","7080005050982","50Y-0Z1EKQEJIW-P","SK45"
"Statkraft Energi AS Nett","7080005050982","50Y-8E5D7BRHEGPN","SK3"
"Statkraft Energi AS Nett","7080005050982","50Y-Q5-R1AYXMAY0","SK65"
"Statkraft Energi AS Nett","7080005050982","50Y-QFBCAF1Y2L6K","SK32"
"Statkraft Energi AS Nett","7080005050982","50Y0AMA5M32KAJDM","SK9"
"Statkraft Energi AS Nett","7080005050982","50Y0AZ0C9X6LL6EX","SK60"
"Statkraft Energi AS Nett","7080005050982","50Y0GG18C0G-CRBP","SK56"
"Statkraft Energi AS Nett","7080005050982","50Y6ZE5-AC33VJ4U","SK70"
"Statkraft Energi AS Nett","7080005050982","50Y7BD6L8SEA7IGN","SK38A"
"Statkraft Energi AS Nett","7080005050982","50Y806KF24Q59G7M","SK40"
"Statkraft Energi AS Nett","7080005050982","50Y1W9YF0AFCFU4J","SK5B"
"Statkraft Energi AS Nett","7080005050982","50Y3IFD7GEYETYVC","SK46"
"Statkraft Energi AS Nett","7080005050982","50Y3NZY9CF7N-TFZ","SK72"
"Statkraft Energi AS Nett","7080005050982","50Y4E3HXAX41F0D0","SK8"
"Statkraft Energi AS Nett","7080005050982","50Y4G140BEK019BB","SK33"
"Statkraft Energi AS Nett","7080005050982","50Y5BUV195O1FQ49","SK52"
"Statkraft Energi AS Nett","7080005050982","50Y5JPLVY8KMU0Y9","SK71"
"Statkraft Energi AS Nett","7080005050982","50YCBIGCBQDXVFCJ","SK44"
"Statkraft Energi AS Nett","7080005050982","50YCDYUAB17HOF4W","SK7"
"Statkraft Energi AS Nett","7080005050982","50YCNAEJS8D8ZDXK","SK73"
"Statkraft Energi AS Nett","7080005050982","50YD2GWGW30E1C5R","SK67"
"Statkraft Energi AS Nett","7080005050982","50YDBS-QFBBAE171","SK24"
"Statkraft Energi AS Nett","7080005050982","50YDGJY9FAI0YEGH","SK64"
"Statkraft Energi AS Nett","7080005050982","50YDNEE3UFS0CZBP","SK41"
"Statkraft Energi AS Nett","7080005050982","50YDNIYVCP70-7F5","SK36"
"Statkraft Energi AS Nett","7080005050982","50YDPD8P65NDMGD3","SK31"
"Statkraft Energi AS Nett","7080005050982","50YEJGQ2FFHP72LD","SK10"
"Statkraft Energi AS Nett","7080005050982","50YEMMLPCDC0BBIL","SK21"
"Statkraft Energi AS Nett","7080005050982","50YFEJSDD88QX5NG","SK54"
"Statkraft Energi AS Nett","7080005050982","50YFY1B8W5KK5DH5","SK66"
"Statkraft Energi AS Nett","7080005050982","50YG0MW0X5DEXY3M","SK5A"
"Statkraft Energi AS Nett","7080005050982","50YG8OAUTD9LCBGK","SK38B"
"Statkraft Energi AS Nett","7080005050982","50YHY2WEAAGD7DCH","SK35"
"Statkraft Energi AS Nett","7080005050982","50YIG8DMEE33KR19","SK42"
"Statkraft Energi AS Nett","7080005050982","50YILDZA3SCEWCG0","SK6"
"Statkraft Energi AS Nett","7080005050982","50YJ2ALBFAJG0MWG","SK62"
"Statkraft Energi AS Nett","7080005050982","50YA4AGO98FDG8OQ","SK30"
"Statkraft Energi AS Nett","7080005050982","50YA4AUF2GCFETGA","SK22"
"Statkraft Energi AS Nett","7080005050982","50YA5OQGEV1TBEER","SK2"
"Statkraft Energi AS Nett","7080005050982","50YAA56NU2K1J2AJ","SK48"
"Statkraft Energi AS Nett","7080005050982","50YAVAFFDY3326KU","SK55"
"Statkraft Energi AS Nett","7080005050982","50YBEEDA4AGO98FG","SK29"
"Statkraft Energi AS Nett","7080005050982","50YBFAJG0MW0X5D8","SK58"
"Statkraft Energi AS Nett","7080005050982","50YBI6AGORTM5BCV","SK4"
"Statkraft Energi AS Nett","7080005050982","50YBLTJ84537X07F","SK68"
"Statkraft Energi AS Nett","7080005050982","50YBSCSFJ3JTN100","SK47"
"Statkraft Energi AS Nett","7080005050982","50YYV2ABUV0E5O0A","SK61"
"Statkraft Energi AS Nett","7080005050982","50YZG1EIFC7GEYJY","SK53"
"Statkraft Energi AS Nett","7080005050982","50YLN2KO07IUJEV5","SK43"
"Statkraft Energi AS Nett","7080005050982","50YMIFRIAMVGGB13","SK26"
"Statkraft Energi AS Nett","7080005050982","50YN0B00W96JCEKZ","SK23"
"Statkraft Energi AS Nett","7080005050982","50YNCQ3J3D8H9MFL","SK74"
"Statkraft Energi AS Nett","7080005050982","50YNU2K1J2ALBFA1","SK49"
"Statkraft Energi AS Nett","7080005050982","50YOG1D6VFHZFJV8","SK27"
"Statkraft Energi AS Nett","7080005050982","50YPMW8ELMVD8RTW","SK25"
"Statkraft Energi AS Nett","7080005050982","50YQFT6M6GAKCPAW","SK12"
"Statkraft Energi AS Nett","7080005050982","50YR33FHP7TGNDCO","SK28"
"Statkraft Energi AS Nett","7080005050982","50YTBJJIMGAG-88J","SK57"
"Statkraft Energi AS Nett","7080005050982","50YTMJT5BUJSA5O9","SK63"
"Statkraft Energi AS Nett","7080005050982","50YU5Z1UDWDB2VA4","SK1"
"Statkraft Energi AS Nett","7080005050982","50YUD63DLYE3CQLA","SK51"
"Statkraft Energi AS Nett","7080005050982","50YUTD9LCBGPAA5U","SK39"
"Statkraft Energi AS Nett","7080005050982","50YVEKE7UWBTX63O","SK50"
"Statkraft Energi AS Nett","7080005050982","50YW7HZD80JRSQVJ","SK37"
"Statkraft Energi AS Nett","7080005050982","50YWDPO125-DQJCE","SK59"
"Statkraft Energi AS Nett","7080005050982","50YX65DGIBX71QAJ","SK69"
"Statkraft Energi AS Nett","7080005050982","50YX6F00RRCDOAKV","SK17"
"Statkraft Energi AS Nett","7080005050982","50YYF0AFCFUVBCDH","SK11"
"Norske Skog Saugbrugs Nett","7080003406033","50YNTAMLZ02YANH4","SAUGB1"
"Vissi AS","7080004045743","50Y6VFHZFJV1DPD4","YMBER3"
"Vissi AS","7080004045743","50YCFS8ABKF2GP45","YMBER2"
"Vissi AS","7080004045743","50YDLYE3CQL8AVAV","YMBER4"
"Vissi AS","7080004045743","50YBD4PXYW-NHNBA","YMBER1"
"Norefjell Nett AS","7080010003911","50Y-DNIYJ0PY0-73","KRØD1"
"Elkem AS Nett","7080003321466","50Y0EU2USN0-B3DA","ELKEM TH1"
"Elkem AS Nett","7080003321466","50YC-7C9CR189BV3","ELKEM BJ1"
"Elkem AS Nett","7080003321466","50YL9EDRUXP9FF1K","ELKEM FI1"
"Elkem AS Nett","7080003321466","50YNG9WYEW-9BU37","ELKEM SI1"
"Ymber Produksjon AS","7080005051637","50YDZFTCHY2WEAA8","KVÆN1"
"Sira-Kvina kraftselskap Nett","7080005050944","50YXGP9PZT7VC-7A","SIRAKP1"
"Uvdal Kraftforsyning - Nett SA","7080005050500","50YD80JRSQVHBI6V","UVDAL1"
"Vestall AS","7080005051897","50YD88QX5N1M4DO1","VÅLSK1"
"Årdal Energi KF Nett","7080005056953","50YG7S--Z0QKQEJU","ÅRDAL3"
"Barents Nett AS","7080005051934","50YGORTM5BC0LN20","VARNG1"
"Barents Nett AS","7080005051934","50YC8R2BT72WEMM7","VARNG2"
"Hafslund Oslo Celsio AS","7080003999207","50YDALCBGQAA6XBR","KEA1"
"Arva AS","7080005051859","50YXBU3F1E25LBGK","TROMS1"
"Skagerak Kraft Nett","7080005056007","50YKF24QV9G7SOOW","SKAGK2"
"Skagerak Kraft Nett","7080005056007","50YB3EUUFGRDNCQB","SKAGK1"
"Skagerak Kraft Nett","7080005056007","50YUFGRDNCQ3J3DI","SKAGK3"
"Nordvest Nett AS","7080005052801","50Y8PX5N1M4D-DNC","SANDØY1"
"Nordvest Nett AS","7080005052801","50Y1YC9M3HNJTW61","NVEST1"
"Herøya Nett AS","7080003659613","50YOAK9N0B00W96R","HERØYA1"
"Havnett AS","7080010001832","50YF24Q59G7S-0ZZ","AUSTEV1"
"Area Nett AS (tidligere Luostejok Nett AS)","7080010004307","50YSOONREKQ2JIWX","LUOST1"
"SkiakerNett AS","7080004062702","50YL7BHE5AXXBJUY","SKJÅK1"
"Kvam Energi Nett AS","7080010001276","50Y7IG8DNEE3UFSC","KVAM2"
"Kvam Energi Nett AS","7080010001276","50YFCPBKPMW89LMV","KVAM1"
"Titania AS","7080003306401","50YD7BRHEGPM4G1L","TITANIA1"
"Hydro Aluminium AS (Nett)","7080003654786","50YEDLOQJ2G9YIKA","HYDROAL3"
"Hydro Aluminium AS (Nett)","7080003654786","50YIJ4BF1C0FUEV4","HYDROAL5"
"Hydro Aluminium AS (Nett)","7080003654786","50YJS8D8ZDXWB2AT","HYDROAL4"
"Hydro Aluminium AS (Nett)","7080003654786","50YANHAWZEW-96U4","HYDROAL1"
"Hydro Aluminium AS (Nett)","7080003654786","50YRBR0W97K0FFB6","HYDROAL2"
"Tendranett AS","7080003897855","50YPCDC0BBILOG11","VOSS1"
"Røros E-verk Nett AS","7080003947932","50Y56IKSAWCQGEVI","RØROS1"
"Åbjørakraft Kolsvik Kraftverk","7080005051248","50YPNSEFF2JDKOQ0","ÅBJØRA1"
"Glitre Nett AS (tidl Glitre Energi Nett, Distrib.)","7080005052672","50YCHY2WEAAGD713","GLITRE D3"
"Glitre Nett AS (tidl Glitre Energi Nett, Distrib.)","7080005052672","50YCOPYG1IWFK057","GLITRE D1"
"Glitre Nett AS (tidl Glitre Energi Nett, Distrib.)","7080005052672","50YQL0YFSA30AIVK","GLITRE D4"
"Glitre Nett AS (tidl Glitre Energi Nett, Distrib.)","7080005052672","50YRT8QU3DO-PD0S","GLITRE D2"
"Elmea AS Nett","7080005046442","50Y9G7S-0Z1EKQEJ","LOFOT1"
"Siso Energi AS","7080010014696","50YVATX6FR0RF0DJ","SISO1"
"Romsdalsnett AS","7080010005427","50YDOS-QFGHFK17L","RAUMA1"
"Stannum AS","7080010003959","50YJDAXMKFVS9M4X","TINN1"
"Vang Energiverk AS","7080010002297","50YGD-PNHYVCO7CJ","VANG1"
"VEVIG AS","7080003807946","50YTXA640FCP5KPV","GE1"
"Linea AS","7080003965325","50YWA5YGOPNSFFFV","HELGEL1"
"Finnfjord AS Nett","7080003503541","50YKRI72316VPWCJ","FINNF1"
"Otra Kraft DA Nett","7080005056496","50Y9B32UUFGRDNC1","OTRA1"
"Otra Kraft DA Nett","7080005056496","50YUC8RSBTY2WEMN","OTRA2"
"Tinfos AS Nett","7080003612595","50YAVHDALCBGQAAI","TINFO1"
"Tinfos AS Nett","7080003612595","50YLMVD8RTBHY2WU","TINFO2"
"Bane NOR Nett","7080003864895","50Y-CC8CR1D9AVRE","JBV4"
"Bane NOR Nett","7080003864895","50YBJUGQFT6M6GA8","JBV1"
"Bane NOR Nett","7080003864895","50Y1JH80G81CE658","JBV7"
"Bane NOR Nett","7080003864895","50Y2L6W7BD6L8SET","JBV8"
"Bane NOR Nett","7080003864895","50Y16W15D--B24-9","JBV3"
"Bane NOR Nett","7080003864895","50YLNG1D6VFHZFJ1","JBV6"
"Bane NOR Nett","7080003864895","50YMGD-DNIYVCP7J","JBV5"
"Bane NOR Nett","7080003864895","50YWEMMLP6DC0BBV","JBV2"
"Enida AS","7080003871534","50YEMI5CS7HCAV0Z","DALANE1"
"Hydro Energi AS (nett)","7080005052818","50Y8O8BDMJ1DZSO9","HYDROEN3"
"Hydro Energi AS (nett)","7080005052818","50YCEKGR33FHP7TM","HYDROEN1"
"Hydro Energi AS (nett)","7080005052818","50YFJV1DPD8P65N2","HYDROEN6"
"Hydro Energi AS (nett)","7080005052818","50YFSA30AIVB09NT","HYDROEN7"
"Hydro Energi AS (nett)","7080005052818","50YZC-B3DBEIX7EX","HYDROEN4"
"Hydro Energi AS (nett)","7080005052818","50YVH8AL7BHE5AX0","HYDROEN2"
"Hydro Energi AS (nett)","7080005052818","50YW97K0FFBFU4G0","HYDROEN5"
"Fagne AS (tidl Odda Energi AS Nett)","7080005053150","50Y811XGZGE5YD57","ODDA1"
"Fagne AS (tidl Odda Energi AS Nett)","7080005053150","50YF1C0FUEV1ZC-6","ODDA3"
"Hafslund Eco Vannkraft AS Nett","7080005055666","50Y0WS0FL1T0CFYV","HEV6 FRAM"
"Hafslund Eco Vannkraft AS Nett","7080005055666","50Y1B-1DFY7ZM8KA","HEV7 HARP"
"Hafslund Eco Vannkraft AS Nett","7080005055666","50Y8R01DACCR1YK0","HEV4 REND"
"Hafslund Eco Vannkraft AS Nett","7080005055666","50YFETG-MIFRIAMA","HEV2 SOLB"
"Hafslund Eco Vannkraft AS Nett","7080005055666","50YAL7BGP5A6XBUV","HEV5 KONG"
"Hafslund Eco Vannkraft AS Nett","7080005055666","50YMLZQTL4NB9WMP","HEV1 HALL"
"Hafslund Eco Vannkraft AS Nett","7080005055666","50YTALLZ12XGNG9R","HEV3 AURL"
"KE NETT AS","7080005046060","50YSDO88PX5N1M40","KLEPP1"
"Østfold Energi AS, Nett","7080005053143","50Y-Z0QKQEJIWZ1Z","ØFOLD2"
"Østfold Energi AS, Nett","7080005053143","50Y06KAT4QWAA7SV","ØFOLD1"
"Østfold Energi AS, Nett","7080005053143","50YFDY3326KQWDPO","ØFOLD4"
"Østfold Energi AS, Nett","7080005053143","50YHNBGFTXZSBHB6","ØFOLD3"
"Borregaard","7080001033477","50YEXY4C8R2BT72T","BRG1"
"Norsk Hydro ASA (Nett)","7080003654793","50YEDA404O-ZADGU","HYDROASA1"
"Aktieselskabet Saudefaldene Nett","7080003674630","50Y0G81CE65XXBJB","SAUDEF1"
"Noranett Hadsel AS","7080003857989","50YIV1POD8P6ANDW","TROLLF1"
"Føre AS","7080010003836","50YVFCNFEJSDD88E","MTEL1"
"Elinett AS","7080005053044","50YDDADS2EACXSFY","NESSET1"
"Elinett AS","7080005053044","50YNDCT-QFBCAF1B","ISTAD1"
"Lnett AS","7080005046053","50YCZB13IFD7GEYO","LYSEN1"
"Lnett AS","7080005046053","50YW1EVU5Z1UDWDZ","FORSAND1"
"Småkraft AS Nett","7080001426842","50YCS7HCAV0013T5","SMKN4"
"Småkraft AS Nett","7080001426842","50YG6HF7DMDD2TEG","TINFO4"
"Småkraft AS Nett","7080001426842","50YAFSY2MXW8BD6S","SMKN2"
"Småkraft AS Nett","7080001426842","50YOF41003TZ2AXF","SMKN3"
"Noranett AS","7080003811318","50YEG04ELC1--Z0U","EVENES1"
"Noranett AS","7080003811318","50YFFF3EDLOQJ2GX","NORDKR3"
"Noranett AS","7080003811318","50YG0XDE4AKRI72D","HÅLOG1"
"Noranett AS","7080003811318","50YIBEIX7JFG0WC3","NORDKR4"
"Noranett AS","7080003811318","50YOEWOGS0MMA5MV","HÅLOG5"
"Noranett AS","7080003811318","50YX5N1M4DODBDMX","NORDKR1"
"Noranett AS","7080003811318","50YXGZG95YD5Z9BW","NORDKR6"
"Tensio TN AS","7080005052627","50Y1JUU58B3IWPBF","NTE3"
"Tensio TN AS","7080005052627","50YO0VH7AL7BGP59","NTE1"
"Tensio TN AS","7080005052627","50YPFXPHT1NNB6NF","NTE4"
"Tensio TN AS","7080005052627","50YWZEW-96U3IJ4S","NTE2"
"Arva AS (tidligere Nordlandsnett)","7080005051361","50Y0PZ1-8GH-06KI","NLANDSN1"
"Arva AS (tidligere Nordlandsnett)","7080005051361","50Y2UI3GR1N0QUER","NLANDSN2"
"Sør Aurdal Energi AS Nett","7080005046459","50YF2GCFETG-MIFT","SAURD1"
"Svabo Industrinett AS","7080003992680","50YSPK-YF0AFCFU2","MIP1"
"RK Nett AS","7080010004017","50YDPGOCG1SQK0YG","RAUL1"
"Area Nett AS (tidl. LeGa Nett AS)","7080010002754","50Y-88FILDZA3SCO","NKYN1"
"Alut AS","7080010004383","50YQEIHWZ0UDKD6V","ALTA1"
"Nordkraft Industrinett AS","7080010014368","50YB1CA2FH98-O9Q","NKIND1"
"Meløy Energi AS","7080003968395","50YEX5B2A58OEBDO","MELØY1"
"Eviny Fornybar AS - Nett","7080005052931","50Y-FY1BDW5WK5IW","BKKP8 R"
"Eviny Fornybar AS - Nett","7080005052931","50Y1HLYVFRBBS-85","BKKP5 MATRE"
"Eviny Fornybar AS - Nett","7080005052931","50Y1LXW7AD5LYRDU","BKKP11 KJØSN"
"Eviny Fornybar AS - Nett","7080005052931","50Y1S70T2CZZOC-T","KOGEN1"
"Eviny Fornybar AS - Nett","7080005052931","50Y3EDLOQJ2G9YIM","BKKP1 NYGARD"
"Eviny Fornybar AS - Nett","7080005052931","50Y4P7G0GQK0M3SB","BKKP9 D"
"Eviny Fornybar AS - Nett","7080005052931","50Y570F2MKB1CA2R","BKKP2 DALE"
"Eviny Fornybar AS - Nett","7080005052931","50YEKD6TVBTX6FRS","BKKP7 SAMN"
"Eviny Fornybar AS - Nett","7080005052931","50YFJ3JTN10BUD67","BKKP10 Ulvik"
"Eviny Fornybar AS - Nett","7080005052931","50YH88--EMXCTBWN","BKKP6 MYSTER"
"Eviny Fornybar AS - Nett","7080005052931","50YBHOBGFUXZSBHS","BKKP3 STEINSL"
"Eviny Fornybar AS - Nett","7080005052931","50YK0YFRAFCFIVB7","BKKP4 EVANG"
"Sør-Norge Aluminium AS (Nett)","7080001180041","50Y6ANDMGD-PNHY3","HYDROAL6"
"S-NETT AS","7080010002464","50YAILNG1I6VRHZB","SVORKA1"
"Asker Nett AS","7080003858825","50YDGCBR1XJACOAG","HURUM1"
"Infopark AS","7080003831811","50Y-Q5ZR0AXXMAYO","SNGMLSTR12"
"Infopark AS","7080003831811","50Y7Q10CGBBQ0XJC","SN02TROMS1"
"Infopark AS","7080003831811","50Y3O6FQFDFOL2RQ","SNSANDENS"
"Infopark AS","7080003831811","50YCN9DJS7C8ZDXH","SNRORTUNET"
"Infopark AS","7080003831811","50YD1CCJMPH0E7WM","SNBLGN"
"Infopark AS","7080003831811","50YFP4EG6RZ-Y0QQ","SNMLDHLLN"
"Infopark AS","7080003831811","50YJGRIAMVGGC0H7","SNHOVDING"
"Infopark AS","7080003831811","50YASGV8N8BCLERK","SNNORBYEN"
"Infopark AS","7080003831811","50YBTFCPYDIE2J0K","SNMLDMLLE"
"Infopark AS","7080003831811","50YYO3YQ18WWKFWI","SNBARDU1"
"Infopark AS","7080003831811","50YZJYMP9PZU74IY","SN02ISTAD1"
"Infopark AS","7080003831811","50YDJ-4YGCCBF9FW","SN02HAFSL1"
"Infopark AS","7080003831811","50YI6BAOSUN6CD18","SNSATRIUM"
"Infopark AS","7080003831811","50YCN9DJF7CZZDKC","SNLILLESTROMT"
"Infopark AS","7080003831811","50YP4MQ09KWLGXEF","SNMNE2"
"Infopark AS","7080003831811","50YSBGDGJWCDFNJ1","SNMLDTRGT"
"Infopark AS","7080003831811","50YSBTY2VDLMKP68","SN02SKAGN3"
"Infopark AS","7080003831811","50YTDDKBDDSFZXHF","SNTASTASENTER"
"Infopark AS","7080003831811","50YXBC9UQRPUGAGA","SNMAXISS"
"Infopark AS","7080003831811","50YLFMQSL4MB-WMC","SNMAGASINET"
"Infopark AS","7080003831811","50YPHGLUFEAARZ7Z","SN02GLITRED1"
"Infopark AS","7080003831811","50YFSCRFI2VSN00K","SNSTRVKNGBRG"
"Equinor ASA Nett","7080005055772","50YH5GGNQTL4BB-N","EQUINOR6"
"Equinor ASA Nett","7080005055772","50YQGPCG0GQL0YFG","EQUINOR7"
"Equinor ASA Nett","7080005055772","50YVL0UMY5SSHCTU","EQUINOR5"
"Equinor ASA Nett","7080005055772","50YG1I6VRHZRIV1N","EQUINOR4"
"Equinor ASA Nett","7080005055772","50YZSBHB4RT8QU4V","EQUINOR3"
"Equinor ASA Nett","7080005055772","50YTBW9C971AFSEY","EQUINOR1"
"Alcoa Norway Nett","7080003674685","50Y2L9YUK1TLY4RT","ALCOA2"
"Alcoa Norway Nett","7080003674685","50YVCP70-7FS806D","ALCOA1"
"Everket AS","7080005052825","50YFF2JDKOQJ2L9X","NOTOD1"
"Everket AS","7080005052825","50YMCULDQZJJF3KS","NOTOD2"
"Rakkestad Energi AS Nett","7080005054898","50Y26E4PXYW0BHOE","RAKKE1"
"Tensio TS AS","7080005051880","50Y0BEK019BDW7HG","TEN1"
"Tensio TS AS","7080005051880","50Y108BH-06FBU4J","GAULD1"
"Tensio TS AS","7080005051880","50YK1IMY4GSGBS9J","TEN3"
"Tensio TS AS","7080005051880","50YNHYVCO7C9CFSA","TEN2"
"Lyse Produksjon AS Nett","7080003307231","50Y7DCRCBIGCBQDJ","LYSEP1"
"Lyse Produksjon AS Nett","7080003307231","50YQI2K87UJ1TLX1","LYSEP2"
"HØLAND OG SETSKOG ELVERK AS","7080004320253","50Y8EXMUC8RSBTYY","HØLSET1"
"Bømlo Kraftnett AS","7080010002327","50YOPNSFFF3EDLOJ","FINNÅS1"
"Stram AS","7080003822901","50YI3GF1O0QUEU16","ISE1"
"R-Nett AS","7080010012852","50YRAFCFIVBCEMIH","ROLLAG1"
"ELHUB AS - INTERN AKTØR DSO","7080003927187","44Y-00000000058B","TUVE00"
"ELHUB AS - INTERN AKTØR DSO","7080003927187","44Y-00000000128G","KV0000"
"ELHUB AS - INTERN AKTØR DSO","7080003927187","DK-----------952","Nettab Skagerak"
"ELHUB AS - INTERN AKTØR DSO","7080003927187","SE-----------AJG","AJG"
"ELHUB AS - INTERN AKTØR DSO","7080003927187","SE-----------JML","JML"
"ELHUB AS - INTERN AKTØR DSO","7080003927187","SE-----------LEV","LEV"
"ELHUB AS - INTERN AKTØR DSO","7080003927187","SE-----------MAF","MAF"
"ELHUB AS - INTERN AKTØR DSO","7080003927187","SE-----------ST1","ST1"
"ELHUB AS - INTERN AKTØR DSO","7080003927187","SE-----------ST2","ST2"
"ELHUB AS - INTERN AKTØR DSO","7080003927187","SE-----------ST3","ST3"
"ELHUB AS - INTERN AKTØR DSO","7080003927187","SE-----------VFN","VFN"
"ELHUB AS - INTERN AKTØR DSO","7080003927187","SE-----------VML","VML"
"Fjellnett AS","7080010000316","50YRC1DGCBRDXJG4","EIDEF1"
"Modalen Kraftlag SA Nett","7080003816184","50YK1DZ108BH-069","MODALEN"
"Clemens Kraft, Nett","7080004382671","50Y4RT8QU41O-DDF","CLEMENS1"
"Clemens Kraft, Nett","7080004382671","50YWL1VNZ5TTHCT5","CLEMENS2"
"Shell Energy Nett","7080005062077","50YYJ0PY0-7FSZ-2","SHELL1"
"Fagne AS","7080003809599","50Y6XBUTF1E25L67","HAUGAL10"
"Fagne AS","7080003809599","50Y3CU83XFNNMQD8","HAUGAL7"
"Fagne AS","7080003809599","50YELC1--Z0QW1EG","HAUGAL3"
"Fagne AS","7080003809599","50YERAQDH1TRM1ZL","HAUGAL6"
"Fagne AS","7080003809599","50YH9MFHMJT5BIJZ","HAUGAL5"
"Fagne AS","7080003809599","50YJ3D8H9MFHMJTV","HAUGAL4"
"Fagne AS","7080003809599","50YN124-C1JC80GY","HAUGAL9"
"Fagne AS","7080003809599","50YQAA6XBU3F1E22","HAUGAL2"
"Fagne AS","7080003809599","50YSAWCQGEV0TBEX","HAUGAL8"
"Fagne AS","7080003809599","50YYEW-9BU3UI3GF","HAUGAL1"
"Smisto Kraft","7080004399877","50YUDBFILYEFHPL9","SMISTO1"
"Føie AS - Hemsedal","7080004067882","50Y013HNTAMLZ024","HEMSED1"
"Føie AS - Ringerike, Hole, Nore","7080005048415","50Y3E31ZC9MFHNJ3","RINGER1"
"Føie AS - Ringerike, Hole, Nore","7080005048415","50YGFUXZSBHB4RTL","RINGER2"
"Føie AS - Ringerike, Hole, Nore","7080005048415","50YKS0WCQ4EVQH6Z","NORE1"
"Føie AS - Hallingdal","7080005050654","50YUETHL4LVP30DB","HALL1"
"Area Nett AS ","7080004087071","50YBD6LZSE57I49Q","REPVÅG1"
"Lede AS","7080005050975","50YEG9OAVHDALCB2","SKAGN1"
"Lede AS","7080005050975","50YBV05P-ZBEG9OT","HJARTDAL1"
"Lede AS","7080005050975","50YREKQ2JIWNQI2B","SKAGN3"
"Norgesnett AS","7080005052702","50Y1CE65XL6JU3Q7","NNAS FREDR"
"Norgesnett AS","7080005052702","50YEBDMK1DZ108B3","NNAS FOLLO"
"Norgesnett AS","7080005052702","50YZSOZBH-PXFAUA","NNAS ASKØY"
"Elvia AS","7080005046220","50Y2VA2X6F00RRCT","HAFSL1"
"Elvia AS","7080005046220","50YGGB1G-8E5D7BY","EIDSIVA-R"
"Elvia AS","7080005046220","50YAAGD7DCRCBIGO","TRØGST1"
"Elvia AS","7080005046220","50YLBGAJH0AW0Y5B","STANGE1"
"Elvia AS","7080005046220","50YWO-6UUIJ4BF1D","EIDSIVA-D"
"Eramet Norway AS DSO","7080001266455","50Y6FR0SF1DC0L-D","ERAM KVIN"
"Lucerna AS","7080005050661","50YWZ9LMV1ZFT6HK","HAMM1"
"Nordkraft Nett AS","7080005046466","50Y1003TMTAXKZ1E","NORDKR2"
"Nordkraft Nett AS","7080005046466","50YCRBS1W9YF0AF5","NORDKR5"
"Nordkraft Nett AS","7080005046466","50YGBS9DPGOCG1SM","BALL1"
"SFE PRODUKSJON AS - NETTEIER","7080004122741","50YOEWOFS0MLA5M8","SFEPN1"
